date,value,day_of_week
2021-08-12,354.57,Thursday
2021-08-13,358.7,Friday
2021-08-14,506.83,Saturday
2021-08-15,380.34,Sunday
2021-08-16,358.82,Monday
2021-08-17,439.8,Tuesday
2021-08-18,372.57,Wednesday
2021-08-19,391.14,Thursday
2021-08-20,382.74,Friday
2021-08-21,444.53,Saturday
2021-08-22,433.54,Sunday
2021-08-23,406.11,Monday
2021-08-24,466.71,Tuesday
2021-08-25,385.21,Wednesday
2021-08-26,396.37,Thursday
2021-08-27,452.23,Friday
2021-08-28,433.79,Saturday
2021-08-29,474.92,Sunday
2021-08-30,408.22,Monday
2021-08-31,338.45,Tuesday
2021-09-01,399.06,Wednesday
2021-09-02,416.13,Thursday
2021-09-03,295.07,Friday
2021-09-04,330.12,Saturday
2021-09-05,485.45,Sunday
2021-09-06,459.14,Monday
2021-09-07,380.5,Tuesday
2021-09-08,332.8,Wednesday
2021-09-09,409.19,Thursday
2021-09-10,721.27,Friday
2021-09-11,486.04,Saturday
2021-09-12,573.78,Sunday
2021-09-13,404.04,Monday
2021-09-14,426.85,Tuesday
2021-09-15,372.98,Wednesday
2021-09-16,426.42,Thursday
2021-09-17,376.99,Friday
2021-09-18,526.36,Saturday
2021-09-19,394.01,Sunday
2021-09-20,374.1,Monday
2021-09-21,537.56,Tuesday
2021-09-22,452.48,Wednesday
2021-09-23,542.57,Thursday
2021-09-24,475.35,Friday
2021-09-25,464.56,Saturday
2021-09-26,463.29,Sunday
2021-09-27,503.12,Monday
2021-09-28,353.12,Tuesday
2021-09-29,420.31,Wednesday
2021-09-30,508.34,Thursday
2021-10-01,419.05,Friday
2021-10-02,766.39,Saturday
2021-10-03,365.36,Sunday
2021-10-04,410.33,Monday
2021-10-05,575.52,Tuesday
2021-10-06,371.76,Wednesday
2021-10-07,383.56,Thursday
2021-10-08,401.14,Friday
2021-10-09,931.8,Saturday
2021-10-10,488.25,Sunday
2021-10-11,356.42,Monday
2021-10-12,506.4,Tuesday
2021-10-13,371.65,Wednesday
2021-10-14,412.82,Thursday
2021-10-15,362.12,Friday
2021-10-16,384.65,Saturday
2021-10-17,478.13,Sunday
2021-10-18,358.2,Monday
2021-10-19,400.25,Tuesday
2021-10-20,366.18,Wednesday
2021-10-21,398.05,Thursday
2021-10-22,221.9,Friday
2021-10-23,823.3,Saturday
2021-10-24,539.99,Sunday
2021-10-25,542.95,Monday
2021-10-26,499.69,Tuesday
2021-10-27,574.86,Wednesday
2021-10-28,439.7,Thursday
2021-10-29,349.42,Friday
2021-10-30,560.75,Saturday
2021-10-31,435.04,Sunday
2021-11-01,279.21,Monday
2021-11-02,437.43,Tuesday
2021-11-03,655.72,Wednesday
2021-11-04,422.59,Thursday
2021-11-05,384.55,Friday
2021-11-06,490.54,Saturday
2021-11-07,458.74,Sunday
2021-11-08,562.13,Monday
2021-11-09,342.34,Tuesday
2021-11-10,324.29,Wednesday
2021-11-11,470.42,Thursday
2021-11-12,367.39,Friday
2021-11-13,473.86,Saturday
2021-11-14,568.56,Sunday
2021-11-15,489.67,Monday
2021-11-16,654.26,Tuesday
2021-11-17,857.69,Wednesday
2021-11-18,721.4,Thursday
2021-11-19,545.3,Friday
2021-11-20,495.59,Saturday
2021-11-21,444.25,Sunday
2021-11-22,576.06,Monday
2021-11-23,480.35,Tuesday
2021-11-24,402.14,Wednesday
2021-11-25,410.57,Thursday
2021-11-26,783.41,Friday
2021-11-27,342.41,Saturday
2021-11-28,532.72,Sunday
2021-11-29,383.13,Monday
2021-11-30,479.35,Tuesday
2021-12-01,337.36,Wednesday
2021-12-02,713.3,Thursday
2021-12-03,417.29,Friday
2021-12-04,693.85,Saturday
2021-12-05,496.11,Sunday
2021-12-06,493.56,Monday
2021-12-07,483.06,Tuesday
2021-12-08,806.11,Wednesday
2021-12-09,681.14,Thursday
2021-12-10,669.02,Friday
2021-12-11,486.81,Saturday
2021-12-12,542.24,Sunday
2021-12-13,752.32,Monday
2021-12-14,699.07,Tuesday
2021-12-15,633.79,Wednesday
2021-12-16,640.21,Thursday
2021-12-17,610.01,Friday
2021-12-18,538.92,Saturday
2021-12-19,603.17,Sunday
2021-12-20,715.18,Monday
2021-12-21,609.21,Tuesday
2021-12-22,564.12,Wednesday
2021-12-23,580.38,Thursday
2021-12-24,567.36,Friday
2021-12-25,653.12,Saturday
2021-12-26,660.02,Sunday
2021-12-27,609.33,Monday
2021-12-28,453.43,Tuesday
2021-12-29,512.72,Wednesday
2021-12-30,676.09,Thursday
2021-12-31,639.9,Friday
2022-01-01,664.03,Saturday
2022-01-02,548.8,Sunday
2022-01-03,970.09,Monday
2022-01-04,617.78,Tuesday
2022-01-05,496.1,Wednesday
2022-01-06,389.36,Thursday
2022-01-07,492.3,Friday
2022-01-08,550.1,Saturday
2022-01-09,635.22,Sunday
2022-01-10,604.53,Monday
2022-01-11,649.25,Tuesday
2022-01-12,781.83,Wednesday
2022-01-13,490.44,Thursday
2022-01-14,759.37,Friday
2022-01-15,810.15,Saturday
2022-01-16,650.42,Sunday
2022-01-17,648.99,Monday
2022-01-18,513.1,Tuesday
2022-01-19,689.69,Wednesday
2022-01-20,373.47,Thursday
2022-01-21,616.42,Friday
2022-01-22,738.41,Saturday
2022-01-23,602.56,Sunday
2022-01-24,786.62,Monday
2022-01-25,687.04,Tuesday
2022-01-26,549.37,Wednesday
2022-01-27,587.43,Thursday
2022-01-28,609.77,Friday
2022-01-29,622.32,Saturday
2022-01-30,561.82,Sunday
2022-01-31,613.16,Monday
2022-02-01,726.61,Tuesday
2022-02-02,744.6,Wednesday
2022-02-03,768.57,Thursday
2022-02-04,778.51,Friday
2022-02-05,664.53,Saturday
2022-02-06,863.97,Sunday
2022-02-07,522.84,Monday
2022-02-08,394.17,Tuesday
2022-02-09,652.73,Wednesday
2022-02-10,317.08,Thursday
2022-02-11,442.87,Friday
2022-02-12,474.21,Saturday
2022-02-13,588.24,Sunday
2022-02-14,496.92,Monday
2022-02-15,709.32,Tuesday
2022-02-16,967.0,Wednesday
2022-02-17,992.97,Thursday
2022-02-18,659.54,Friday
2022-02-19,719.94,Saturday
2022-02-20,200.63,Sunday
2022-02-21,737.83,Monday
2022-02-22,707.11,Tuesday
2022-02-23,660.5,Wednesday
2022-02-24,829.56,Thursday
2022-02-25,552.16,Friday
2022-02-26,606.43,Saturday
2022-02-27,672.13,Sunday
2022-02-28,375.06,Monday
2022-03-01,604.86,Tuesday
2022-03-02,800.85,Wednesday
2022-03-03,692.43,Thursday
2022-03-04,414.2,Friday
2022-03-05,528.9,Saturday
2022-03-06,514.57,Sunday
2022-03-07,415.16,Monday
2022-03-08,748.51,Tuesday
2022-03-09,501.4,Wednesday
2022-03-10,562.7,Thursday
2022-03-11,452.9,Friday
2022-03-12,971.19,Saturday
2022-03-13,894.78,Sunday
2022-03-14,74.39,Monday
2022-03-15,475.41,Tuesday
2022-03-16,632.14,Wednesday
2022-03-17,810.91,Thursday
2022-03-18,754.95,Friday
2022-03-19,568.1,Saturday
2022-03-20,416.16,Sunday
2022-03-21,290.11,Monday
2022-03-22,485.65,Tuesday
2022-03-23,363.71,Wednesday
2022-03-24,742.88,Thursday
2022-03-25,740.22,Friday
2022-03-26,603.76,Saturday
2022-03-27,474.0,Sunday
2022-03-28,340.86,Monday
2022-03-29,501.64,Tuesday
2022-03-30,689.17,Wednesday
2022-03-31,672.67,Thursday
2022-04-01,621.68,Friday
2022-04-02,973.03,Saturday
2022-04-03,842.77,Sunday
2022-04-04,363.45,Monday
2022-04-05,866.91,Tuesday
2022-04-06,744.68,Wednesday
2022-04-07,730.15,Thursday
2022-04-08,504.43,Friday
2022-04-09,653.64,Saturday
2022-04-10,808.71,Sunday
2022-04-11,609.53,Monday
2022-04-12,443.86,Tuesday
2022-04-13,538.41,Wednesday
2022-04-14,741.59,Thursday
2022-04-15,725.84,Friday
2022-04-16,903.71,Saturday
2022-04-17,750.26,Sunday
2022-04-18,670.47,Monday
2022-04-19,281.43,Tuesday
2022-04-20,639.09,Wednesday
2022-04-21,524.03,Thursday
2022-04-22,458.47,Friday
2022-04-23,699.16,Saturday
2022-04-24,797.62,Sunday
2022-04-25,589.69,Monday
2022-04-26,619.91,Tuesday
2022-04-27,516.23,Wednesday
2022-04-28,665.19,Thursday
2022-04-29,400.37,Friday
2022-04-30,873.74,Saturday
2022-05-01,680.3,Sunday
2022-05-02,594.09,Monday
2022-05-03,675.31,Tuesday
2022-05-04,613.37,Wednesday
2022-05-05,691.93,Thursday
2022-05-06,975.38,Friday
2022-05-07,969.12,Saturday
2022-05-08,1127.62,Sunday
2022-05-09,450.73,Monday
2022-05-10,401.7,Tuesday
2022-05-11,557.0,Wednesday
2022-05-12,695.81,Thursday
2022-05-13,1013.42,Friday
2022-05-14,721.2,Saturday
2022-05-15,626.87,Sunday
2022-05-16,434.14,Monday
2022-05-17,368.73,Tuesday
2022-05-18,599.5,Wednesday
2022-05-19,750.54,Thursday
2022-05-20,619.02,Friday
2022-05-21,688.24,Saturday
2022-05-22,730.23,Sunday
2022-05-23,447.36,Monday
2022-05-24,443.06,Tuesday
2022-05-25,511.38,Wednesday
2022-05-26,585.45,Thursday
2022-05-27,498.35,Friday
2022-05-28,827.4,Saturday
2022-05-29,723.39,Sunday
2022-05-30,567.45,Monday
2022-05-31,791.91,Tuesday
2022-06-01,425.41,Wednesday
2022-06-02,421.11,Thursday
2022-06-03,540.69,Friday
2022-06-04,664.56,Saturday
2022-06-05,792.16,Sunday
2022-06-06,626.51,Monday
2022-06-07,725.16,Tuesday
2022-06-08,685.59,Wednesday
2022-06-09,785.7,Thursday
2022-06-10,980.74,Friday
2022-06-11,386.55,Saturday
2022-06-12,479.97,Sunday
2022-06-13,582.93,Monday
2022-06-14,707.02,Tuesday
2022-06-15,416.82,Wednesday
2022-06-17,201.81,Friday
2022-06-18,637.52,Saturday
2022-06-19,679.17,Sunday
2022-06-20,578.04,Monday
2022-06-21,705.88,Tuesday
2022-06-22,582.9,Wednesday
2022-06-23,511.57,Thursday
2022-06-24,459.78,Friday
2022-06-25,591.25,Saturday
2022-06-26,614.98,Sunday
2022-06-27,422.88,Monday
2022-06-28,490.52,Tuesday
2022-06-29,544.87,Wednesday
2022-06-30,607.41,Thursday
2022-07-01,728.09,Friday
2022-07-02,171.81,Saturday
2022-07-07,608.08,Thursday
2022-07-08,787.28,Friday
2022-07-09,844.43,Saturday
2022-07-10,531.56,Sunday
2022-07-11,491.84,Monday
2022-07-12,402.84,Tuesday
2022-07-13,749.1,Wednesday
2022-07-14,623.56,Thursday
2022-07-15,488.24,Friday
2022-07-16,502.47,Saturday
2022-07-17,572.38,Sunday
2022-07-18,501.7,Monday
2022-07-19,627.08,Tuesday
2022-07-20,483.42,Wednesday
2022-07-21,537.74,Thursday
2022-07-22,452.58,Friday
2022-07-23,810.83,Saturday
2022-07-24,819.09,Sunday
2022-07-25,674.52,Monday
2022-07-26,741.32,Tuesday
2022-07-27,877.54,Wednesday
2022-07-28,790.73,Thursday
2022-07-29,840.39,Friday
2022-07-30,948.09,Saturday
2022-07-31,1123.66,Sunday
2022-08-01,1105.78,Monday
2022-08-02,862.89,Tuesday
2022-08-03,869.38,Wednesday
2022-08-04,624.24,Thursday
2022-08-05,1120.3,Friday
2022-08-06,998.97,Saturday
2022-08-07,432.95,Sunday
2022-08-08,794.2,Monday
2022-08-09,693.14,Tuesday
2022-08-10,810.03,Wednesday
2022-08-11,655.91,Thursday
2022-08-12,866.96,Friday
2022-08-13,841.1,Saturday
2022-08-14,835.9,Sunday
2022-08-15,843.72,Monday
2022-08-16,722.42,Tuesday
2022-08-17,678.91,Wednesday
2022-08-18,44.62,Thursday
2022-08-19,866.95,Friday
2022-08-20,740.0,Saturday
2022-08-21,660.75,Sunday
2022-08-22,1010.98,Monday
2022-08-23,563.56,Tuesday
2022-08-24,643.46,Wednesday
2022-08-25,614.73,Thursday
2022-08-26,647.33,Friday
2022-08-27,763.37,Saturday
2022-08-28,695.69,Sunday
2022-08-29,737.72,Monday
2022-08-30,499.28,Tuesday
2022-08-31,412.77,Wednesday
2022-09-01,649.05,Thursday
2022-09-02,640.1,Friday
2022-09-03,838.87,Saturday
2022-09-04,600.85,Sunday
2022-09-05,623.31,Monday
2022-09-06,518.57,Tuesday
2022-09-07,516.88,Wednesday
2022-09-08,753.51,Thursday
2022-09-09,798.99,Friday
2022-09-10,1190.39,Saturday
2022-09-11,628.14,Sunday
2022-09-12,631.5,Monday
2022-09-13,634.75,Tuesday
2022-09-14,559.63,Wednesday
2022-09-15,1190.2,Thursday
2022-09-16,819.9,Friday
2022-09-17,495.24,Saturday
2022-09-18,980.94,Sunday
2022-09-19,708.84,Monday
2022-09-20,767.22,Tuesday
2022-09-21,879.78,Wednesday
2022-09-22,1236.38,Thursday
2022-09-23,440.21,Friday
2022-09-24,918.51,Saturday
2022-09-25,495.68,Sunday
2022-09-26,604.2,Monday
2022-09-27,620.5,Tuesday
2022-09-28,127.12,Wednesday
2022-09-29,634.66,Thursday
2022-09-30,976.33,Friday
2022-10-01,657.84,Saturday
2022-10-02,551.12,Sunday
2022-10-03,664.57,Monday
2022-10-04,629.59,Tuesday
2022-10-05,339.78,Wednesday
2022-10-06,461.96,Thursday
2022-10-07,708.07,Friday
2022-10-08,846.75,Saturday
2022-10-09,820.64,Sunday
2022-10-10,710.65,Monday
2022-10-11,554.52,Tuesday
2022-10-12,483.75,Wednesday
2022-10-13,971.9,Thursday
2022-10-14,708.8,Friday
2022-10-15,761.75,Saturday
2022-10-16,788.55,Sunday
2022-10-17,841.69,Monday
2022-10-18,569.3,Tuesday
2022-10-19,623.28,Wednesday
2022-10-20,700.28,Thursday
2022-10-21,595.82,Friday
2022-10-22,774.46,Saturday
2022-10-23,663.77,Sunday
2022-10-24,614.2,Monday
2022-10-25,642.45,Tuesday
2022-10-26,530.52,Wednesday
2022-10-27,273.69,Thursday
2022-10-28,526.98,Friday
2022-10-29,589.39,Saturday
2022-10-30,667.94,Sunday
2022-10-31,484.38,Monday
2022-11-01,488.26,Tuesday
2022-11-02,569.64,Wednesday
2022-11-03,326.38,Thursday
2022-11-04,614.36,Friday
2022-11-05,306.79,Saturday
2022-11-06,562.17,Sunday
2022-11-07,494.49,Monday
2022-11-08,421.83,Tuesday
2022-11-09,697.83,Wednesday
2022-11-10,125.84,Thursday
2022-11-11,986.97,Friday
2022-11-12,963.27,Saturday
2022-11-13,386.05,Sunday
2022-11-14,712.64,Monday
2022-11-15,138.45,Tuesday
2022-11-16,573.48,Wednesday
2022-11-17,564.62,Thursday
2022-11-18,516.37,Friday
2022-11-19,727.49,Saturday
2022-11-20,876.59,Sunday
2022-11-21,428.01,Monday
2022-11-22,386.28,Tuesday
2022-11-23,589.16,Wednesday
2022-11-24,454.46,Thursday
2022-11-25,570.38,Friday
2022-11-26,666.1,Saturday
2022-11-27,370.3,Sunday
2022-11-28,330.46,Monday
2022-11-29,600.2,Tuesday
2022-11-30,383.69,Wednesday
2022-12-01,479.71,Thursday
2022-12-02,62.59,Friday
2022-12-03,299.39,Saturday
2022-12-04,221.41,Sunday
2022-12-05,165.2,Monday
2022-12-06,3.45,Tuesday
2022-12-07,104.08,Wednesday
2022-12-08,139.87,Thursday
2022-12-09,281.82,Friday
2022-12-10,211.4,Saturday
2022-12-11,22.66,Sunday
2022-12-12,133.16,Monday
2022-12-13,255.17,Tuesday
2022-12-14,8.35,Wednesday
2023-01-20,678.67,Friday
2023-01-21,379.92,Saturday
2023-01-22,663.76,Sunday
2023-01-23,610.6,Monday
2023-01-24,425.42,Tuesday
2023-01-25,55.84,Wednesday
2023-01-26,762.85,Thursday
2023-01-27,326.2,Friday
2023-01-28,728.84,Saturday
2023-01-29,820.66,Sunday
2023-01-30,911.24,Monday
2023-01-31,29.66,Tuesday
2023-02-01,763.03,Wednesday
2023-02-02,556.32,Thursday
2023-02-03,326.35,Friday
2023-02-04,494.98,Saturday
2023-02-05,730.72,Sunday
2023-02-06,1.44,Monday
2023-02-07,648.27,Tuesday
2023-02-08,6.36,Wednesday
2023-02-09,1.57,Thursday
2023-02-10,470.86,Friday
2023-02-11,535.55,Saturday
2023-02-12,713.62,Sunday
2023-02-13,732.23,Monday
2023-02-14,848.94,Tuesday
2023-02-15,594.8,Wednesday
2023-02-16,632.11,Thursday
2023-02-17,1.44,Friday
2023-02-18,512.12,Saturday
2023-02-19,629.5,Sunday
2023-02-20,622.48,Monday
2023-02-21,636.87,Tuesday
2023-02-22,576.16,Wednesday
2023-02-23,932.94,Thursday
2023-02-24,870.54,Friday
2023-02-25,448.52,Saturday
2023-02-26,1012.25,Sunday
2023-02-27,961.38,Monday
2023-02-28,479.82,Tuesday
2023-03-01,1003.88,Wednesday
2023-03-02,503.64,Thursday
2023-03-03,984.63,Friday
2023-03-04,726.11,Saturday
2023-03-05,693.98,Sunday
2023-03-06,861.63,Monday
2023-03-07,587.61,Tuesday
2023-03-08,858.84,Wednesday
2023-03-09,626.49,Thursday
2023-03-10,820.23,Friday
2023-03-11,579.82,Saturday
2023-03-12,446.5,Sunday
2023-03-13,684.1,Monday
2023-03-14,544.27,Tuesday
2023-03-15,997.16,Wednesday
2023-03-16,269.75,Thursday
2023-03-17,1102.81,Friday
2023-03-18,879.36,Saturday
2023-03-19,837.15,Sunday
2023-03-20,878.0,Monday
2023-03-21,603.45,Tuesday
2023-03-22,746.12,Wednesday
2023-03-23,876.15,Thursday
2023-03-24,842.21,Friday
2023-03-25,699.3,Saturday
2023-03-26,698.87,Sunday
2023-03-27,580.93,Monday
2023-03-28,774.05,Tuesday
2023-03-29,569.98,Wednesday
2023-03-30,420.81,Thursday
2023-03-31,633.33,Friday
2023-04-01,943.56,Saturday
2023-04-02,663.76,Sunday
2023-04-03,1024.89,Monday
2023-04-04,860.91,Tuesday
2023-04-05,971.13,Wednesday
2023-04-06,639.57,Thursday
2023-04-07,792.84,Friday
2023-04-08,615.25,Saturday
2023-04-09,550.56,Sunday
2023-04-10,728.75,Monday
2023-04-11,490.61,Tuesday
2023-04-12,649.75,Wednesday
2023-04-13,887.51,Thursday
2023-04-14,774.71,Friday
2023-04-15,755.66,Saturday
2023-04-16,524.37,Sunday
2023-04-17,830.29,Monday
2023-04-18,1110.31,Tuesday
2023-04-19,682.29,Wednesday
2023-04-20,1221.56,Thursday
2023-04-21,688.91,Friday
2023-04-22,811.14,Saturday
2023-04-23,452.38,Sunday
2023-04-24,857.46,Monday
2023-04-25,674.48,Tuesday
2023-04-26,842.68,Wednesday
2023-04-27,827.2,Thursday
2023-04-28,638.0,Friday
2023-04-29,899.66,Saturday
2023-04-30,180.22,Sunday
2023-05-01,646.38,Monday
2023-05-02,592.95,Tuesday
2023-05-03,604.92,Wednesday
2023-05-04,1112.4,Thursday
2023-05-05,667.92,Friday
2023-05-06,600.31,Saturday
2023-05-07,369.48,Sunday
2023-05-08,556.33,Monday
2023-05-09,479.09,Tuesday
2023-05-10,905.07,Wednesday
2023-05-11,639.05,Thursday
2023-05-12,706.16,Friday
2023-05-13,1209.26,Saturday
2023-05-14,859.82,Sunday
2023-05-15,1017.88,Monday
2023-05-16,575.34,Tuesday
2023-05-17,756.54,Wednesday
2023-05-18,918.65,Thursday
2023-05-19,972.49,Friday
2023-05-20,539.47,Saturday
2023-05-21,1037.92,Sunday
2023-05-22,600.32,Monday
2023-05-23,735.12,Tuesday
2023-05-24,717.4,Wednesday
2023-05-25,636.34,Thursday
2023-05-26,845.21,Friday
2023-05-27,506.52,Saturday
2023-05-28,862.58,Sunday
2023-05-29,940.62,Monday
2023-05-30,660.14,Tuesday
2023-05-31,892.78,Wednesday
2023-06-01,548.96,Thursday
2023-06-02,650.87,Friday
2023-06-03,891.15,Saturday
2023-06-04,776.62,Sunday
2023-06-05,579.89,Monday
2023-06-06,420.67,Tuesday
2023-06-07,593.21,Wednesday
2023-06-08,405.85,Thursday
2023-06-09,693.91,Friday
2023-06-10,822.55,Saturday
2023-06-11,837.14,Sunday
2023-06-12,654.73,Monday
2023-06-13,486.0,Tuesday
2023-06-14,1574.74,Wednesday
2023-06-15,479.86,Thursday
2023-06-16,956.44,Friday
2023-06-17,857.45,Saturday
2023-06-18,755.69,Sunday
2023-06-19,840.54,Monday
2023-06-20,813.6,Tuesday
2023-06-21,258.42,Wednesday
2023-06-23,847.58,Friday
2023-06-24,1335.56,Saturday
2023-06-25,500.88,Sunday
2023-06-26,846.95,Monday
2023-06-27,531.08,Tuesday
2023-06-28,779.24,Wednesday
2023-06-29,957.34,Thursday
2023-06-30,532.42,Friday
2023-07-01,424.14,Saturday
2023-07-02,750.96,Sunday
2023-07-03,354.6,Monday
2023-07-04,344.26,Tuesday
2023-07-05,843.72,Wednesday
2023-07-06,842.84,Thursday
2023-07-07,1061.73,Friday
2023-07-08,733.09,Saturday
2023-07-09,847.2,Sunday
2023-07-10,847.47,Monday
2023-07-11,705.0,Tuesday
2023-07-12,606.12,Wednesday
2023-07-13,931.29,Thursday
2023-07-14,654.64,Friday
2023-07-15,576.14,Saturday
2023-07-16,654.8,Sunday
2023-07-17,351.25,Monday
2023-07-18,535.71,Tuesday
2023-07-19,350.12,Wednesday
2023-07-20,730.93,Thursday
2023-07-21,499.06,Friday
2023-07-22,675.6,Saturday
2023-07-23,611.27,Sunday
2023-07-24,884.09,Monday
2023-07-25,617.96,Tuesday
2023-07-26,719.03,Wednesday
2023-07-27,169.61,Thursday
2023-07-28,44.48,Friday
2023-07-29,0.46,Saturday
2023-07-31,735.9,Monday
2023-08-01,184.24,Tuesday
2023-08-02,27.29,Wednesday
2023-08-03,43.3,Thursday
2023-08-04,619.92,Friday
2023-08-05,24.88,Saturday
2023-08-06,65.16,Sunday
2023-08-07,826.3,Monday
2023-08-08,489.24,Tuesday
2023-08-09,76.92,Wednesday
2023-08-10,17.61,Thursday
2023-08-11,461.21,Friday
2023-08-12,838.51,Saturday
2023-08-13,201.05,Sunday
2023-08-14,962.94,Monday
2023-08-15,62.6,Tuesday
2023-08-16,30.51,Wednesday
2023-08-17,37.77,Thursday
2023-08-18,700.34,Friday
2023-08-19,31.26,Saturday
2023-08-20,299.17,Sunday
2023-08-21,857.34,Monday
2023-08-22,31.17,Tuesday
2023-08-23,0.21,Wednesday
2023-08-24,35.66,Thursday
2023-08-25,360.09,Friday
2023-08-26,56.3,Saturday
2023-08-27,50.14,Sunday
2023-08-28,131.18,Monday
2023-08-29,892.19,Tuesday
2023-08-30,45.21,Wednesday
2023-08-31,58.1,Thursday
2023-09-01,964.56,Friday
2023-09-02,176.87,Saturday
2023-09-03,35.89,Sunday
2023-09-04,938.45,Monday
2023-09-05,201.76,Tuesday
2023-09-06,51.06,Wednesday
2023-09-07,43.38,Thursday
2023-09-08,50.03,Friday
2023-09-09,50.94,Saturday
2023-09-10,22.87,Sunday
2023-09-11,876.14,Monday
2023-09-12,108.08,Tuesday
2023-09-13,59.7,Wednesday
2023-09-14,98.86,Thursday
2023-09-15,33.21,Friday
2023-09-16,36.3,Saturday
2023-09-17,62.52,Sunday
2023-09-18,35.64,Monday
2023-09-19,110.42,Tuesday
2023-09-20,66.84,Wednesday
2023-09-21,595.15,Thursday
2023-09-22,674.35,Friday
2023-09-23,30.74,Saturday
2023-09-24,33.47,Sunday
2023-09-25,816.86,Monday
2023-09-26,324.43,Tuesday
2023-09-27,35.14,Wednesday
2023-09-28,626.95,Thursday
2023-09-29,1134.17,Friday
2023-09-30,68.84,Saturday
2023-10-01,88.59,Sunday
2023-10-02,700.28,Monday
2023-10-03,63.26,Tuesday
2023-10-04,34.96,Wednesday
2023-10-05,580.14,Thursday
2023-10-06,610.02,Friday
2023-10-07,20.25,Saturday
2023-10-08,60.69,Sunday
2023-10-09,825.46,Monday
2023-10-10,553.73,Tuesday
2023-10-11,848.01,Wednesday
2023-10-12,820.7,Thursday
2023-10-13,1138.04,Friday
2023-10-14,456.38,Saturday
2023-10-15,337.44,Sunday
2023-10-16,547.36,Monday
2023-10-17,919.79,Tuesday
2023-10-18,459.71,Wednesday
2023-10-19,989.49,Thursday
2023-10-20,848.35,Friday
2023-10-21,532.44,Saturday
2023-10-22,452.35,Sunday
2023-10-23,972.81,Monday
2023-10-24,632.62,Tuesday
2023-10-25,475.7,Wednesday
2023-10-26,651.02,Thursday
2023-10-27,641.92,Friday
2023-10-28,724.53,Saturday
2023-10-29,421.02,Sunday
2023-10-30,642.9,Monday
2023-10-31,392.02,Tuesday
2023-11-01,780.23,Wednesday
2023-11-02,586.77,Thursday
2023-11-03,458.66,Friday
2023-11-04,611.76,Saturday
2023-11-05,312.67,Sunday
2023-11-06,435.91,Monday
2023-11-07,303.89,Tuesday
2023-11-08,802.91,Wednesday
2023-11-09,1223.04,Thursday
2023-11-10,927.76,Friday
2023-11-11,557.81,Saturday
2023-11-12,638.84,Sunday
2023-11-13,762.67,Monday
2023-11-14,836.5,Tuesday
2023-11-15,795.69,Wednesday
2023-11-16,978.2,Thursday
2023-11-17,897.52,Friday
2023-11-18,630.25,Saturday
2023-11-19,296.47,Sunday
2023-11-20,934.61,Monday
2023-11-21,841.4,Tuesday
2023-11-22,643.6,Wednesday
2023-11-23,808.31,Thursday
2023-11-24,841.86,Friday
2023-11-25,514.65,Saturday
2023-11-26,511.31,Sunday
2023-11-27,662.32,Monday
2023-11-28,924.69,Tuesday
2023-11-29,133.11,Wednesday
2023-11-30,1073.37,Thursday
2023-12-01,807.68,Friday
2023-12-02,598.04,Saturday
2023-12-03,487.08,Sunday
2023-12-04,780.18,Monday
2023-12-05,251.29,Tuesday
2023-12-06,756.35,Wednesday
2023-12-07,763.58,Thursday
2023-12-08,859.01,Friday
2023-12-09,151.07,Saturday
2023-12-10,373.42,Sunday
2023-12-11,816.0,Monday
2023-12-12,896.47,Tuesday
2023-12-13,127.55,Wednesday
2023-12-15,448.75,Friday
2023-12-16,314.88,Saturday
2023-12-17,597.31,Sunday
2023-12-18,467.96,Monday
2023-12-19,495.75,Tuesday
2023-12-20,412.78,Wednesday
2023-12-21,758.48,Thursday
2023-12-22,986.1,Friday
2023-12-23,1018.39,Saturday
2023-12-24,1086.52,Sunday
2023-12-25,1065.61,Monday
2023-12-26,972.76,Tuesday
2023-12-27,907.55,Wednesday
2023-12-28,854.69,Thursday
2023-12-29,674.48,Friday
2023-12-30,935.56,Saturday
2023-12-31,764.94,Sunday
2024-01-01,937.93,Monday
2024-01-02,1145.07,Tuesday
2024-01-03,705.63,Wednesday
2024-01-04,786.88,Thursday
2024-01-05,409.72,Friday
2024-01-06,377.87,Saturday
2024-01-07,448.51,Sunday
2024-01-08,1242.59,Monday
2024-01-09,1116.94,Tuesday
2024-01-10,1024.82,Wednesday
2024-01-11,749.03,Thursday
2024-01-12,389.91,Friday
2024-01-13,419.02,Saturday
2024-01-14,494.84,Sunday
2024-01-15,281.55,Monday
2024-01-16,548.4,Tuesday
2024-01-17,548.64,Wednesday
2024-01-18,577.67,Thursday
2024-01-19,911.48,Friday
2024-01-20,608.05,Saturday
2024-01-21,1017.24,Sunday
2024-01-22,881.19,Monday
2024-01-23,910.47,Tuesday
2024-01-24,961.19,Wednesday
2024-01-25,1074.07,Thursday
2024-01-26,641.47,Friday
2024-01-27,895.73,Saturday
2024-01-28,537.29,Sunday
2024-01-29,369.48,Monday
2024-01-30,1037.34,Tuesday
2024-01-31,753.9,Wednesday
2024-02-01,1271.12,Thursday
2024-02-02,1109.29,Friday
2024-02-03,384.45,Saturday
2024-02-04,542.17,Sunday
2024-02-05,483.25,Monday
2024-02-06,870.02,Tuesday
2024-02-07,331.97,Wednesday
2024-02-08,1049.46,Thursday
2024-02-09,871.48,Friday
2024-02-10,292.18,Saturday
2024-02-11,403.93,Sunday
2024-02-12,589.16,Monday
2024-02-13,217.6,Tuesday
2024-02-14,711.56,Wednesday
2024-02-15,962.23,Thursday
2024-02-16,854.6,Friday
2024-02-17,728.55,Saturday
2024-02-18,598.85,Sunday
2024-02-19,758.45,Monday
2024-02-20,868.77,Tuesday
2024-02-21,1062.76,Wednesday
2024-02-22,942.0,Thursday
2024-02-23,1047.03,Friday
2024-02-24,679.87,Saturday
2024-02-25,550.14,Sunday
2024-02-26,975.21,Monday
2024-02-27,360.9,Tuesday
2024-02-28,948.6,Wednesday
2024-02-29,199.83,Thursday
2024-03-01,947.75,Friday
2024-03-02,854.56,Saturday
2024-03-03,497.05,Sunday
2024-03-04,1058.02,Monday
2024-03-05,785.72,Tuesday
2024-03-06,739.07,Wednesday
2024-03-07,1032.78,Thursday
2024-03-08,804.38,Friday
2024-03-09,949.05,Saturday
2024-03-10,1073.57,Sunday
2024-03-11,695.97,Monday
2024-03-12,799.71,Tuesday
2024-03-13,1024.9,Wednesday
2024-03-14,1046.19,Thursday
2024-03-15,820.11,Friday
2024-03-16,677.17,Saturday
2024-03-17,636.91,Sunday
2024-03-18,1235.34,Monday
2024-03-19,545.99,Tuesday
2024-03-20,885.69,Wednesday
2024-03-21,927.57,Thursday
2024-03-22,868.84,Friday
2024-03-23,382.21,Saturday
2024-03-24,1073.09,Sunday
2024-03-25,487.79,Monday
2024-03-26,323.12,Tuesday
2024-03-27,604.58,Wednesday
2024-03-28,1221.72,Thursday
2024-03-29,442.49,Friday
2024-03-30,1284.34,Saturday
2024-03-31,409.01,Sunday
2024-04-01,523.48,Monday
2024-04-02,887.53,Tuesday
2024-04-03,600.09,Wednesday
2024-04-04,831.81,Thursday
2024-04-05,923.37,Friday
2024-04-06,128.76,Saturday
2024-04-07,441.12,Sunday
2024-04-08,524.74,Monday
2024-04-09,697.49,Tuesday
2024-04-10,857.08,Wednesday
2024-04-11,1029.1,Thursday
2024-04-12,1093.84,Friday
2024-04-13,317.44,Saturday
2024-04-14,529.45,Sunday
2024-04-15,804.81,Monday
2024-04-16,708.09,Tuesday
2024-04-17,790.08,Wednesday
2024-04-18,1090.18,Thursday
2024-04-19,1181.73,Friday
2024-04-20,453.57,Saturday
2024-04-21,632.42,Sunday
2024-04-22,836.89,Monday
2024-04-23,551.39,Tuesday
2024-04-24,784.47,Wednesday
2024-04-25,1084.27,Thursday
2024-04-26,960.84,Friday
2024-04-27,378.33,Saturday
2024-04-28,653.38,Sunday
2024-04-29,695.3,Monday
2024-04-30,633.79,Tuesday
2024-05-01,878.58,Wednesday
2024-05-02,930.31,Thursday
2024-05-03,947.92,Friday
2024-05-04,713.93,Saturday
2024-05-05,507.76,Sunday
2024-05-06,1222.01,Monday
2024-05-07,745.88,Tuesday
2024-05-08,730.3,Wednesday
2024-05-09,729.26,Thursday
2024-05-10,839.57,Friday
2024-05-11,585.86,Saturday
2024-05-12,627.91,Sunday
2024-05-13,1192.24,Monday
2024-05-14,526.92,Tuesday
2024-05-15,791.33,Wednesday
2024-05-16,1057.52,Thursday
2024-05-17,917.28,Friday
2024-05-18,944.88,Saturday
2024-05-19,260.88,Sunday
2024-05-20,842.39,Monday
2024-05-21,541.94,Tuesday
2024-05-22,918.6,Wednesday
2024-05-23,720.92,Thursday
2024-05-24,1014.22,Friday
2024-05-25,957.14,Saturday
2024-05-26,185.02,Sunday
2024-05-27,975.78,Monday
2024-05-28,811.2,Tuesday
2024-05-29,546.96,Wednesday
2024-05-30,752.39,Thursday
2024-05-31,846.71,Friday
2024-06-01,676.05,Saturday
2024-06-02,547.34,Sunday
2024-06-03,622.86,Monday
2024-06-04,685.46,Tuesday
2024-06-05,510.26,Wednesday
2024-06-06,923.04,Thursday
2024-06-07,862.98,Friday
2024-06-08,972.79,Saturday
2024-06-09,196.46,Sunday
2024-06-10,579.45,Monday
2024-06-11,680.03,Tuesday
2024-06-12,332.73,Wednesday
2024-06-13,951.86,Thursday
2024-06-14,938.43,Friday
2024-06-15,421.98,Saturday
2024-06-16,230.41,Sunday
2024-06-17,463.08,Monday
2024-06-18,678.48,Tuesday
2024-06-19,1082.95,Wednesday
2024-06-20,999.38,Thursday
2024-06-21,672.74,Friday
2024-06-22,705.21,Saturday
2024-06-23,483.6,Sunday
2024-06-24,998.75,Monday
2024-06-25,1038.39,Tuesday
2024-06-26,660.76,Wednesday
2024-06-27,953.74,Thursday
2024-06-28,698.33,Friday
2024-06-29,1054.61,Saturday
2024-06-30,583.01,Sunday
2024-07-01,638.95,Monday
2024-07-02,929.0,Tuesday
2024-07-03,648.42,Wednesday
2024-07-04,1061.11,Thursday
2024-07-05,784.28,Friday
2024-07-06,1500.25,Saturday
2024-07-07,917.2,Sunday
2024-07-08,941.06,Monday
2024-07-09,390.31,Tuesday
2024-07-10,584.8,Wednesday
2024-07-11,817.93,Thursday
2024-07-12,682.74,Friday
2024-07-13,699.43,Saturday
2024-07-14,746.15,Sunday
2024-07-15,523.75,Monday
2024-07-16,485.68,Tuesday
2024-07-17,886.11,Wednesday
2024-07-18,1147.61,Thursday
2024-07-19,710.33,Friday
2024-07-20,824.28,Saturday
2024-07-21,960.18,Sunday
2024-07-22,919.84,Monday
2024-07-23,864.08,Tuesday
2024-07-24,265.19,Wednesday
2024-07-25,871.59,Thursday
2024-07-26,881.82,Friday
2024-07-27,735.31,Saturday
2024-07-28,503.35,Sunday
2024-07-29,718.16,Monday
2024-07-30,332.74,Tuesday
2024-07-31,605.66,Wednesday
2024-08-01,906.6,Thursday
2024-08-02,921.92,Friday
2024-08-03,755.53,Saturday
2024-08-04,823.3,Sunday
2024-08-05,640.24,Monday
2024-08-06,1157.71,Tuesday
2024-08-07,871.73,Wednesday
2024-08-08,276.19,Thursday
2024-08-09,924.99,Friday
2024-08-10,813.73,Saturday
2024-08-11,881.81,Sunday
2024-08-12,1007.0,Monday
2024-08-13,443.6,Tuesday
2024-08-14,523.57,Wednesday
2024-08-15,962.93,Thursday
2024-08-16,834.39,Friday
2024-08-17,992.34,Saturday
2024-08-18,745.04,Sunday
2024-08-19,1046.59,Monday
2024-08-20,923.49,Tuesday
2024-08-21,551.94,Wednesday
2024-08-22,1266.15,Thursday
2024-08-23,907.32,Friday
2024-08-24,154.26,Saturday
2024-08-25,811.4,Sunday
2024-08-26,819.39,Monday
2024-08-27,530.89,Tuesday
2024-08-28,719.39,Wednesday
2024-08-29,906.76,Thursday
2024-08-30,1337.29,Friday
2024-08-31,765.81,Saturday
2024-09-01,861.63,Sunday
2024-09-02,940.69,Monday
2024-09-03,729.13,Tuesday
2024-09-04,371.51,Wednesday
2024-09-05,247.51,Thursday
2024-09-06,374.19,Friday
2024-09-07,909.72,Saturday
2024-09-08,588.64,Sunday
2024-09-09,504.78,Monday
2024-09-10,424.38,Tuesday
2024-09-11,843.04,Wednesday
2024-09-12,1002.99,Thursday
2024-09-13,942.62,Friday
2024-09-14,427.35,Saturday
2024-09-15,619.6,Sunday
2024-09-16,399.74,Monday
2024-09-17,648.04,Tuesday
2024-09-18,428.48,Wednesday
2024-09-19,820.3,Thursday
2024-09-20,988.49,Friday
2024-09-21,620.14,Saturday
2024-09-22,1340.83,Sunday
2024-09-23,673.18,Monday
2024-09-24,327.16,Tuesday
2024-09-25,491.4,Wednesday
2024-09-26,1120.45,Thursday
2024-09-27,962.74,Friday
2024-09-28,425.63,Saturday
2024-09-29,582.84,Sunday
2024-09-30,680.7,Monday
2024-10-01,825.61,Tuesday
2024-10-02,300.3,Wednesday
2024-10-03,894.58,Thursday
2024-10-04,783.46,Friday
2024-10-05,788.66,Saturday
2024-10-06,469.78,Sunday
2024-10-07,784.34,Monday
2024-10-08,667.86,Tuesday
2024-10-09,718.02,Wednesday
2024-10-10,954.92,Thursday
2024-10-11,958.09,Friday
2024-10-12,1111.2,Saturday
2024-10-13,665.13,Sunday
2024-10-14,726.96,Monday
2024-10-15,474.92,Tuesday
2024-10-16,844.93,Wednesday
2024-10-17,847.95,Thursday
2024-10-18,1023.76,Friday
2024-10-19,954.56,Saturday
2024-10-20,833.87,Sunday
